File, Size, Date
validate-integrity.yml,284,24/10/2023 20:01:35
README.md,2241,24/10/2023 20:01:35
requirements.txt,270,24/10/2023 20:01:35
webpack.config.js,1325,24/10/2023 20:01:35
main.sh,797,24/10/2023 20:21:50
main.py,1529,24/10/2023 20:13:23
.gitignore,33,24/10/2023 20:01:35
Untitled,0,24/10/2023 20:01:35
server.js,785,24/10/2023 20:01:35
trophy.txt,6362,24/10/2023 20:01:35
einstein.1.png,146291,24/10/2023 20:01:35
forms.1.html,4597,24/10/2023 20:01:35
regexer.css,2730,24/10/2023 20:01:35
keyboard.html,5802,24/10/2023 20:01:35
rigoberto.1.jpg,39760,24/10/2023 20:01:35
kids.jpg,57184,24/10/2023 20:01:35
forms.html,4597,24/10/2023 20:01:35
regexer.1.css,2730,24/10/2023 20:01:35
view-source_projects.breathecode.local_p_php_senior_msql_mysql-tester_.htm,396,24/10/2023 20:01:35
baby.success.1.jpg,26481,24/10/2023 20:01:35
scared-baby.jpg,29596,24/10/2023 20:01:35
borat.success.jpg,23817,24/10/2023 20:01:35
mouse.html,4460,24/10/2023 20:01:35
rigoberto.jpg,39760,24/10/2023 20:01:35
script.js,1461,24/10/2023 20:01:35
the-ultimate-joke.txt,71,24/10/2023 20:01:35
scared-baby.1.jpg,29596,24/10/2023 20:01:35
keyboard.1.html,5802,24/10/2023 20:01:35
baby.jpg,112284,24/10/2023 20:01:35
einstein.png,146291,24/10/2023 20:01:35
invalid.png,9967,24/10/2023 20:01:35
invalid.png,9967,24/10/2023 20:01:35
mouse.1.html,4460,24/10/2023 20:01:35
baby.success.jpg,26481,24/10/2023 20:01:35
borat.success.1.jpg,23817,24/10/2023 20:01:35
frame.html,3732,24/10/2023 20:01:35
regexer.1.js,21931,24/10/2023 20:01:35
regexer.js,21931,24/10/2023 20:01:35
valid.png,1479,24/10/2023 20:01:35
kids.1.jpg,57184,24/10/2023 20:01:35
frame.1.html,3732,24/10/2023 20:01:35
dragon-ball-jokes.md,1060,24/10/2023 20:01:35
console_master.md,847,24/10/2023 20:01:35
html5.png,23612,24/10/2023 20:01:35
c9.png,32484,24/10/2023 20:01:35
breathecode.shadow.png,50556,24/10/2023 20:01:35
babel.png,31603,24/10/2023 20:01:35
js.png,22359,24/10/2023 20:01:35
jquery.png,16703,24/10/2023 20:01:35
dropzone.js,64399,24/10/2023 20:01:35
css3.png,26017,24/10/2023 20:01:35
sass.png,33589,24/10/2023 20:01:35
hello.txt,5152,24/10/2023 20:01:35
webpack.png,17213,24/10/2023 20:01:35
myfirstcopy.txt,125,24/10/2023 20:01:35
the-mostboring-text.txt,125,24/10/2023 20:01:35
scale.fix.js,536,24/10/2023 20:01:35
devcontainer.json,785,24/10/2023 20:01:35
package-lock.json,874646,24/10/2023 20:01:35
README.es.md,2649,24/10/2023 20:01:35
preview.png,148033,24/10/2023 20:01:35
package.json,1903,24/10/2023 20:01:35
archivos.csv,2481,24/10/2023 20:22:39
preview.png,148033,24/10/2023 20:01:35
data.json,1796,24/10/2023 20:01:35
index.js,3532,24/10/2023 20:01:35
index.html,401,24/10/2023 20:01:35
index.js,823,24/10/2023 20:01:35
HEAD,23,24/10/2023 20:01:35
push-to-checkout.sample,2783,24/10/2023 20:01:34
pre-applypatch.sample,424,24/10/2023 20:01:34
pre-merge-commit.sample,416,24/10/2023 20:01:34
fsmonitor-watchman.sample,4655,24/10/2023 20:01:34
commit-msg.sample,896,24/10/2023 20:01:34
post-update.sample,189,24/10/2023 20:01:34
update.sample,3650,24/10/2023 20:01:34
prepare-commit-msg.sample,1492,24/10/2023 20:01:34
pre-receive.sample,544,24/10/2023 20:01:34
pre-push.sample,1374,24/10/2023 20:01:34
pre-commit.sample,1643,24/10/2023 20:01:34
applypatch-msg.sample,478,24/10/2023 20:01:34
pre-rebase.sample,4898,24/10/2023 20:01:34
FETCH_HEAD,133,24/10/2023 20:03:18
packed-refs,114,24/10/2023 20:01:35
description,73,24/10/2023 20:01:34
exclude,240,24/10/2023 20:01:34
HEAD,284,24/10/2023 20:01:35
master,284,24/10/2023 20:01:35
HEAD,284,24/10/2023 20:01:35
config,433,24/10/2023 20:04:09
master,41,24/10/2023 20:01:35
HEAD,32,24/10/2023 20:01:35
pack-20165dbc767ee4d3d3443a9b2ed0c0edf17c47ca.idx,3256,24/10/2023 20:01:35
pack-b1c59c24e492ae6db9839125b5e55f667fc26420.idx,37724,24/10/2023 20:03:18
pack-20165dbc767ee4d3d3443a9b2ed0c0edf17c47ca.pack,1008398,24/10/2023 20:01:35
pack-b1c59c24e492ae6db9839125b5e55f667fc26420.pack,1720221,24/10/2023 20:03:18
index,8439,24/10/2023 20:21:30
icon.png,4902,24/10/2023 20:01:35
.babelrc,595,24/10/2023 20:01:35
learn.json,514,24/10/2023 20:01:35
